Hyperion_-_Cantina_Starcraft_II_Background_Ambience[ListenVid.com].ogg,80,background
Outer-Rim_Cantina_Star_Wars_Background_Ambience[ListenVid.com].ogg,80,background
sounds.bif_00348.wav,45,short
sounds.bif_00349.wav,45,short
sounds.bif_00350.wav,45,short
sounds.bif_00351.wav,45,short
sounds.bif_00352.wav,45,short
sounds.bif_00353.wav,45,short
sounds.bif_00354.wav,45,short
sounds.bif_00355.wav,45,short
sounds.bif_00356.wav,45,short
sounds.bif_00357.wav,45,short
08 - Javyar's Cantina.ogg,35,music
35_-_iziz_cantina.ogg,25,music
Kid_Kasino_-_Swingin_On_Nuthin[ListenVid.com].ogg,20,music
Box_of_Secrets_-_Zarif_HQ[ListenVid.com].ogg,30,music
Caravan_Palace_-_Lone_Digger[ListenVid.com].ogg,30,music
Kid_Kasino_Dutty_Moonshine_-_Everybody[ListenVid.com].ogg,30,music
Parov_Stelar-_Nobodys_Fool[ListenVid.com].ogg,30,music
Swingrowers_feat_Gypsy_Hill_-_The_Queen_Of_Swing[ListenVid.com].ogg,30,music
Trainwreck_Of_Electro_Swing_-_A_Hat_In_Time_Remix[ListenVid.com].ogg,30,music
Star_Wars_-_Cantina_Band_Noize_Tank_Remix_free_download[ListenVid.com].ogg,30,music
Swing-Thru_-_Gypsydog[ListenVid.com].ogg,20,music
swtor53.ogg,50,music
swtor81.ogg,50,music
swtor179.ogg,50,music
swtor189.ogg,50,music
swtor195.ogg,50,music
swtor208.ogg,50,music
swtor220.ogg,50,music
swtor233.ogg,50,music
swtor237.ogg,50,music
Dropkick_Murphys_-_Im_Shipping_Up_to_Boston_Jesse_Bloch_Remix[ListenVid.com].ogg,30,music
Love_The_Way_You_Lie_BVNTR_Bootleg[ListenVid.com].ogg,30,music
Minnie the Moocher Swagger Jax.ogg,30,music
Pitbull_ft_Keha_-_Timber_-_Jump_Smokers_Remix[ListenVid.com].ogg,30,music
White_Mink_Black_Cotton_-_Chambermaid_Swing[ListenVid.com].ogg,30,music
White_Mink_Black_Cotton_-_Touch_My_Horn[ListenVid.com].ogg,30,music
Parov_Stelar_-_Mama_Talking_ft_Stuff_Smith_Official_Video[ListenVid.com].ogg,30,music
Pisk_-_One_Steady_Roll[ListenVid.com].ogg,30,music
